timestamp,Presion_C1,Presion_C2,Lavadero_1,Lavadero_2,Torre_1,Torre_2,Torre_3,Torre_4
2026-04-16 17:00,2.69,2.65,50.2,53.64,52.16,51.76,52.66,52.09
2026-04-16 17:30,2.75,2.66,50.27,53.61,53.2,52.34,52.09,52.19
2026-04-16 18:00,2.69,2.68,50.19,53.63,53.1,52.49,52.04,51.61
2026-04-16 18:30,2.77,2.69,50.3,53.71,52.83,51.53,52.25,52.1
2026-04-16 19:00,2.71,2.66,50.32,53.59,52.93,51.45,52.85,51.79
2026-04-16 19:30,2.73,2.65,50.24,53.51,52.2,52.22,52.91,52.17
2026-04-16 20:00,2.73,2.7,50.14,53.48,53.5,52.18,52.54,51.26
2026-04-16 20:30,2.72,2.64,50.08,53.6,53.44,51.58,52.71,51.97
2026-04-16 21:00,2.74,2.65,50.34,53.57,52.75,52.17,53.21,52.8
2026-04-16 21:30,2.75,2.68,50.27,53.45,53.3,52.23,52.49,52.64
2026-04-16 22:00,2.74,2.66,50.16,53.34,53.07,52.38,52.46,52.06
2026-04-16 22:30,2.75,2.71,50.16,53.52,52.85,52.75,53.02,52.12
2026-04-16 23:00,2.78,2.71,50.17,53.7,52.19,52.53,52.99,52.05
2026-04-16 23:30,2.75,2.72,50.37,53.67,52.8,51.54,52.16,52.03
2026-04-17 00:00,2.72,2.7,50.21,53.51,52.06,51.44,52.66,52.73
2026-04-17 00:30,2.72,2.71,50.16,53.59,53.24,52.97,52.81,52.25
2026-04-17 01:00,2.73,2.67,50.26,53.65,53.56,52.23,52.89,51.46
2026-04-17 01:30,2.74,2.7,50.38,53.69,52.85,51.58,52.81,52.74
2026-04-17 02:00,2.79,2.73,50.19,53.51,53.34,52.28,52.06,51.27
2026-04-17 02:30,2.74,2.73,50.11,53.49,52.61,52.68,51.79,52.06
2026-04-17 03:00,2.76,2.68,50.2,53.4,53.57,52.36,53.04,51.5
2026-04-17 03:30,2.77,2.7,50.2,53.59,53.14,51.56,52.39,51.57
2026-04-17 04:00,2.81,2.67,50.27,53.69,52.78,52.66,52.06,52.39
2026-04-17 04:30,2.81,2.68,50.27,53.67,52.88,52.99,52.01,52.61
2026-04-17 05:00,2.77,2.7,50.23,53.39,52.55,52.01,52.18,52.06
2026-04-17 05:30,2.8,2.71,50.25,53.49,52.83,51.65,53.04,52.54
2026-04-17 06:00,2.81,2.74,50.18,53.75,53.47,52.5,52.42,52.52
2026-04-17 06:30,2.81,2.73,50.41,53.51,52.32,52.37,52.68,52.13
2026-04-17 07:00,2.76,2.74,50.29,53.6,52.41,51.94,52.2,52.16
2026-04-17 07:30,2.76,2.7,50.41,53.44,53.17,52.69,52.93,51.57
2026-04-17 08:00,2.8,2.72,50.21,53.71,52.54,51.98,52.19,51.37
2026-04-17 08:30,2.79,2.76,50.36,53.54,52.1,51.63,51.81,51.47
2026-04-17 09:00,2.81,2.74,50.41,53.52,53.33,52.45,52.83,52.26
2026-04-17 09:30,2.84,2.72,50.2,53.57,53.65,52.89,52.88,52.66
2026-04-17 10:00,2.82,2.77,50.25,53.76,52.65,52.66,52.48,51.32
2026-04-17 10:30,2.82,2.72,50.42,53.71,52.28,52.71,52.3,52.73
2026-04-17 11:00,2.81,2.73,50.31,53.68,52.27,52.48,51.98,51.49
2026-04-17 11:30,2.8,2.75,50.34,53.4,53.02,52.06,52.41,51.67
2026-04-17 12:00,2.81,2.72,50.18,53.61,53.15,52.99,52.89,51.93
2026-04-17 12:30,2.8,2.72,50.15,53.51,52.86,51.92,52.3,52.81
2026-04-17 13:00,2.83,2.78,50.31,53.66,53.64,52.32,52.22,52.31
2026-04-17 13:30,2.84,2.74,50.35,53.41,53.67,52.25,53.35,52.39
2026-04-17 14:00,2.85,2.79,50.42,53.56,53.66,53.02,52.17,52.63
2026-04-17 14:30,2.81,2.73,50.26,53.66,52.98,52.26,53.07,52.23
2026-04-17 15:00,2.8,2.77,50.2,53.77,53.63,52.81,53.14,52.43
2026-04-17 15:30,2.85,2.77,50.19,53.56,53.28,51.73,52.99,52.91
2026-04-17 16:00,2.79,2.74,50.42,53.65,53.03,53.04,52.42,52.85
2026-04-17 16:30,2.84,2.78,50.21,53.62,52.25,52.69,52.35,51.73
2026-04-17 17:00,2.8,2.77,50.4,53.48,52.59,52.38,52.39,52.87
2026-04-17 17:30,2.81,2.79,50.17,53.66,52.89,52.2,53.12,52.76
2026-04-17 18:00,2.88,2.81,50.22,53.63,52.41,52.38,52.08,52.74
2026-04-17 18:30,2.84,2.8,50.37,53.42,52.72,52.11,52.17,51.57
2026-04-17 19:00,2.85,2.75,50.47,53.62,53.52,52.69,52.44,52.31
2026-04-17 19:30,2.86,2.77,50.45,53.48,52.96,52.85,52.92,52.06
2026-04-17 20:00,2.86,2.75,50.41,53.47,52.92,52.03,53.04,51.69
2026-04-17 20:30,2.84,2.78,50.28,53.8,53.29,52.9,52.48,51.62
2026-04-17 21:00,2.88,2.76,50.39,53.57,53.39,52.19,53.12,51.95
2026-04-17 21:30,2.83,2.81,50.38,53.49,52.57,52.87,52.35,52.68
2026-04-17 22:00,2.85,2.76,50.38,53.53,53.7,52.44,52.04,51.81
2026-04-17 22:30,2.86,2.78,50.2,53.73,53.22,52.08,52.93,52.82
2026-04-17 23:00,2.9,2.82,50.48,53.71,53.02,51.88,52.41,51.87
2026-04-17 23:30,2.9,2.81,50.2,53.67,52.55,52.08,52.88,52.01
2026-04-18 00:00,2.89,2.8,50.46,53.58,52.21,51.9,52.04,52.71
2026-04-18 00:30,2.85,2.76,50.26,53.63,52.59,52.56,51.98,52.46
2026-04-18 01:00,2.88,2.76,50.23,53.58,52.5,52.29,52.82,51.63
2026-04-18 01:30,2.86,2.81,50.42,53.73,53.05,51.73,52.29,52.03
2026-04-18 02:00,2.85,2.83,50.5,53.85,53.61,52.61,52.4,51.91
2026-04-18 02:30,2.89,2.79,50.47,53.79,52.22,52.34,51.89,52.65
2026-04-18 03:00,2.86,2.83,50.27,53.57,53.51,52.2,52.21,51.45
2026-04-18 03:30,2.88,2.78,50.43,53.73,53.25,52.79,52.34,52.14
2026-04-18 04:00,2.85,2.82,50.37,53.6,52.67,52.11,52.16,52.95
2026-04-18 04:30,2.92,2.79,50.29,53.85,53.56,52.4,52.48,51.54
2026-04-18 05:00,2.9,2.8,50.36,53.55,52.98,52.41,52.69,52.64
2026-04-18 05:30,2.87,2.85,50.37,53.7,53.52,52.09,53.47,52.0
2026-04-18 06:00,2.9,2.83,50.27,53.69,53.74,52.74,52.08,52.68
2026-04-18 06:30,2.91,2.79,50.43,53.49,53.44,53.08,52.16,51.8
2026-04-18 07:00,2.9,2.82,50.36,53.55,52.26,51.87,52.12,52.4
2026-04-18 07:30,2.9,2.83,50.24,53.57,52.76,52.45,52.62,52.57
2026-04-18 08:00,2.87,2.82,50.45,53.5,52.19,51.73,52.82,52.51
2026-04-18 08:30,2.93,2.81,50.46,53.55,52.49,52.89,52.56,52.08
2026-04-18 09:00,2.93,2.81,50.3,53.87,52.53,51.84,53.47,52.06
2026-04-18 09:30,2.9,2.87,50.45,53.87,53.19,52.29,53.4,52.36
2026-04-18 10:00,2.88,2.87,50.46,53.54,52.32,52.73,52.88,51.64
2026-04-18 10:30,2.89,2.85,50.3,53.87,53.76,51.64,53.44,52.43
2026-04-18 11:00,2.95,2.87,50.33,53.64,52.21,52.43,53.31,52.74
2026-04-18 11:30,2.91,2.82,50.48,53.72,53.75,52.32,52.87,52.34
2026-04-18 12:00,2.95,2.86,50.34,53.6,53.29,52.33,52.45,52.72
2026-04-18 12:30,2.92,2.85,50.28,53.61,52.26,52.54,52.01,52.88
2026-04-18 13:00,2.93,2.84,50.44,53.73,52.93,52.37,51.94,52.84
2026-04-18 13:30,2.89,2.82,50.28,53.72,52.61,53.16,53.1,51.52
2026-04-18 14:00,2.93,2.82,50.54,53.87,53.35,52.1,52.66,51.92
2026-04-18 14:30,2.96,2.87,50.38,53.71,53.56,52.28,52.69,52.36
2026-04-18 15:00,2.92,2.88,50.43,53.74,52.98,51.63,53.42,52.02
2026-04-18 15:30,2.89,2.86,50.3,53.61,53.04,52.04,52.6,52.59
2026-04-18 16:00,2.89,2.87,50.42,53.89,52.41,52.2,52.26,51.53
2026-04-18 16:30,2.91,2.86,50.3,53.56,53.8,52.25,51.92,51.73
2026-04-18 17:00,2.92,2.89,50.42,53.88,52.35,51.88,53.37,51.76
2026-04-18 17:30,2.96,2.89,50.44,53.88,53.1,51.67,53.45,52.98
2026-04-18 18:00,2.95,2.9,50.42,53.89,53.75,53.06,53.47,52.46
2026-04-18 18:30,2.98,2.83,50.3,53.78,52.67,51.63,52.91,51.49
2026-04-18 19:00,2.98,2.84,50.48,53.74,53.1,52.45,52.79,52.21
2026-04-18 19:30,2.91,2.86,50.43,53.71,52.61,51.65,52.54,51.57
2026-04-18 20:00,2.96,2.85,50.35,53.75,53.03,52.16,52.37,52.46
2026-04-18 20:30,2.92,2.84,50.38,53.83,52.44,53.13,53.31,52.67
2026-04-18 21:00,2.97,2.88,50.49,53.8,52.74,52.42,52.11,51.43
2026-04-18 21:30,2.94,2.92,50.43,53.7,53.14,52.45,52.5,52.62
2026-04-18 22:00,2.96,2.89,50.35,53.68,52.62,52.12,53.01,52.52
2026-04-18 22:30,2.96,2.87,50.44,53.92,52.78,52.81,53.08,52.38
2026-04-18 23:00,2.93,2.88,50.57,53.78,53.04,52.69,52.12,51.64
2026-04-18 23:30,2.97,2.87,50.41,53.64,52.95,52.11,52.18,52.45
2026-04-19 00:00,2.92,2.9,50.32,53.87,52.95,51.75,52.55,51.88
2026-04-19 00:30,2.98,2.91,50.54,53.64,53.42,52.3,52.41,51.94
2026-04-19 01:00,2.93,2.9,50.3,53.63,53.36,52.78,53.16,52.09
2026-04-19 01:30,2.99,2.91,50.34,53.58,52.86,52.61,52.97,52.07
2026-04-19 02:00,2.97,2.88,50.46,53.93,53.35,52.2,53.42,51.83
2026-04-19 02:30,2.97,2.86,50.48,53.62,52.52,52.33,52.87,52.16
2026-04-19 03:00,2.96,2.9,50.31,53.67,52.3,52.6,52.49,51.92
2026-04-19 03:30,2.96,2.94,50.49,53.76,53.58,53.16,52.41,52.51
2026-04-19 04:00,3.01,2.9,50.55,53.69,52.87,52.0,52.62,52.14
2026-04-19 04:30,2.98,2.93,50.56,53.87,53.15,52.26,53.33,52.84
2026-04-19 05:00,2.93,2.88,50.35,53.8,53.01,52.95,52.65,51.76
2026-04-19 05:30,2.94,2.87,50.33,53.64,52.45,52.62,52.97,53.04
2026-04-19 06:00,2.99,2.9,50.4,53.91,52.41,51.76,52.5,51.7
2026-04-19 06:30,2.99,2.87,50.34,53.88,53.66,52.54,52.73,52.41
2026-04-19 07:00,2.95,2.9,50.35,53.74,53.63,51.82,53.55,52.73
2026-04-19 07:30,2.97,2.94,50.34,53.83,52.94,53.25,52.67,51.56
2026-04-19 08:00,2.98,2.93,50.61,53.72,52.95,51.77,53.1,52.3
2026-04-19 08:30,2.98,2.9,50.36,53.9,53.23,52.93,52.37,52.74
2026-04-19 09:00,3.01,2.93,50.42,53.86,52.92,52.68,52.89,52.45
2026-04-19 09:30,2.97,2.94,50.57,53.69,53.45,52.63,52.25,52.13
2026-04-19 10:00,2.95,2.92,50.47,53.68,53.45,53.06,52.3,52.96
2026-04-19 10:30,3.0,2.91,50.42,53.77,53.79,52.16,53.36,51.86
2026-04-19 11:00,3.02,2.93,50.42,53.69,53.74,52.69,53.02,52.12
2026-04-19 11:30,2.98,2.92,50.43,53.61,52.86,52.99,52.66,52.56
2026-04-19 12:00,3.0,2.93,50.43,53.87,52.89,52.23,52.37,52.24
2026-04-19 12:30,2.98,2.92,50.5,53.92,52.74,53.23,53.24,51.66
2026-04-19 13:00,2.98,2.9,50.41,53.92,53.41,51.68,52.32,51.6
2026-04-19 13:30,2.97,2.94,50.6,53.96,53.14,51.84,52.95,52.3
2026-04-19 14:00,3.0,2.91,50.36,53.74,52.46,53.27,53.43,52.74
2026-04-19 14:30,2.96,2.93,50.55,53.73,52.49,53.23,52.87,51.51
2026-04-19 15:00,3.02,2.91,50.6,53.8,53.61,52.38,53.47,52.14
2026-04-19 15:30,2.97,2.94,50.62,53.64,52.91,51.75,52.7,52.4
2026-04-19 16:00,3.02,2.92,50.52,53.89,52.74,52.93,53.25,52.17
2026-04-19 16:30,2.98,2.95,50.49,53.64,52.79,52.9,53.08,51.53
2026-04-19 17:00,2.97,2.93,50.35,53.74,52.4,53.27,52.57,52.55
2026-04-19 17:30,2.98,2.91,50.43,53.62,53.14,51.86,52.85,52.58
2026-04-19 18:00,3.0,2.92,50.57,53.64,52.52,52.57,53.07,52.11
2026-04-19 18:30,3.01,2.93,50.39,53.89,53.78,52.44,53.44,52.43
2026-04-19 19:00,3.01,2.92,50.63,53.8,53.87,52.24,53.48,52.63
2026-04-19 19:30,3.0,2.97,50.61,53.64,53.01,53.11,53.5,52.63
2026-04-19 20:00,2.98,2.9,50.62,53.91,52.4,52.19,52.46,53.04
2026-04-19 20:30,3.02,2.96,50.61,53.7,52.98,53.09,53.03,52.98
2026-04-19 21:00,2.97,2.97,50.4,53.84,52.8,52.09,53.55,52.83
2026-04-19 21:30,3.02,2.94,50.52,53.6,53.63,52.61,52.77,52.58
2026-04-19 22:00,3.02,2.9,50.53,53.94,52.61,53.19,52.88,52.33
2026-04-19 22:30,3.03,2.94,50.57,53.84,53.71,52.95,52.68,52.98
2026-04-19 23:00,2.97,2.95,50.48,53.94,53.05,51.88,53.45,52.87
2026-04-19 23:30,3.05,2.92,50.41,53.68,52.62,53.27,52.73,52.59
2026-04-20 00:00,2.98,2.96,50.5,53.73,52.92,52.97,53.02,52.79
2026-04-20 00:30,3.03,2.93,50.43,53.76,52.97,52.39,52.68,51.63
2026-04-20 01:00,3.0,2.93,50.41,53.81,53.25,52.92,53.52,51.91
2026-04-20 01:30,3.0,2.96,50.56,53.92,53.66,52.22,52.13,51.8
2026-04-20 02:00,2.99,2.91,50.4,53.88,52.65,52.19,52.64,52.84
2026-04-20 02:30,2.98,2.93,50.63,53.95,52.76,51.84,52.07,52.83
2026-04-20 03:00,3.04,2.93,50.59,53.9,53.72,52.51,53.19,52.16
2026-04-20 03:30,2.98,2.96,50.38,53.62,53.68,52.09,52.52,52.42
2026-04-20 04:00,3.0,2.92,50.53,53.7,53.38,53.15,52.9,51.93
2026-04-20 04:30,3.01,2.94,50.5,53.88,53.48,52.92,52.2,52.78
2026-04-20 05:00,3.01,2.92,50.63,53.84,52.94,52.59,52.01,52.39
2026-04-20 05:30,2.98,2.98,50.64,53.61,52.8,51.91,52.03,51.58
2026-04-20 06:00,2.98,2.98,50.48,53.62,53.5,52.65,52.78,53.05
2026-04-20 06:30,2.98,2.94,50.41,53.72,53.87,52.46,53.11,52.61
2026-04-20 07:00,2.98,2.94,50.56,53.94,53.73,52.19,52.38,51.63
2026-04-20 07:30,2.98,2.91,50.5,53.98,52.38,52.19,53.01,51.5
2026-04-20 08:00,2.98,2.92,50.41,53.78,52.44,52.39,52.16,52.95
2026-04-20 08:30,2.99,2.96,50.62,53.63,53.9,52.37,52.07,52.63
2026-04-20 09:00,3.04,2.97,50.61,53.78,52.33,52.24,52.8,52.65
2026-04-20 09:30,3.03,2.96,50.41,53.94,52.41,53.1,52.3,52.28
2026-04-20 10:00,3.05,2.99,50.55,53.64,52.97,52.29,53.4,51.72
2026-04-20 10:30,3.03,2.98,50.53,53.97,53.88,53.18,53.06,52.25
2026-04-20 11:00,3.01,2.93,50.62,53.62,52.93,53.25,53.3,51.65
2026-04-20 11:30,3.02,2.97,50.5,53.99,53.6,52.63,52.31,52.38
2026-04-20 12:00,2.99,2.93,50.49,53.99,53.39,52.79,52.26,51.92
2026-04-20 12:30,3.04,2.97,50.47,53.92,53.13,51.97,52.04,52.55
2026-04-20 13:00,3.03,2.99,50.35,53.89,53.44,51.91,53.15,51.75
2026-04-20 13:30,2.99,2.97,50.39,53.67,52.66,52.45,53.56,52.75
2026-04-20 14:00,3.03,2.96,50.56,53.62,52.4,53.3,52.19,53.08
2026-04-20 14:30,3.03,2.95,50.35,53.65,52.49,53.16,52.09,51.67
2026-04-20 15:00,3.0,2.96,50.45,53.67,53.25,53.12,52.7,53.01
2026-04-20 15:30,3.06,2.95,50.63,53.92,53.76,52.33,52.05,52.32
2026-04-20 16:00,2.99,2.98,50.47,53.64,52.45,52.55,52.55,51.6
2026-04-20 16:30,2.98,2.92,50.41,53.76,53.52,52.63,52.96,52.03
2026-04-20 17:00,3.0,2.92,50.44,53.76,52.81,52.21,52.11,52.89
2026-04-20 17:30,3.04,2.92,50.57,53.99,52.38,52.01,53.41,52.28
2026-04-20 18:00,2.99,2.97,50.61,53.79,53.83,51.9,53.22,52.87
2026-04-20 18:30,3.0,2.96,50.37,53.74,52.89,52.65,52.89,52.15
2026-04-20 19:00,3.02,2.97,50.45,53.69,52.92,51.77,53.47,52.99
2026-04-20 19:30,2.99,2.94,50.4,53.74,52.55,52.29,53.15,51.63
2026-04-20 20:00,3.02,2.92,50.54,53.93,53.59,53.28,52.46,52.41
2026-04-20 20:30,3.05,2.92,50.41,53.8,53.48,51.8,52.36,52.78
2026-04-20 21:00,3.04,2.98,50.39,53.67,52.64,52.99,52.83,52.56
2026-04-20 21:30,3.01,2.95,50.62,53.91,53.04,52.33,52.46,51.52
2026-04-20 22:00,3.0,2.92,50.6,53.81,52.82,52.79,52.41,52.71
2026-04-20 22:30,3.01,2.97,50.37,53.88,53.28,53.13,53.0,52.28
2026-04-20 23:00,3.0,2.96,50.47,53.61,53.63,53.17,52.74,51.86
2026-04-20 23:30,3.0,2.97,50.55,53.73,52.75,52.33,53.51,51.51
2026-04-21 00:00,3.01,2.93,50.43,53.68,52.62,52.44,53.26,52.57
2026-04-21 00:30,2.99,2.95,50.49,53.64,53.29,53.17,52.64,51.9
2026-04-21 01:00,3.01,2.95,50.59,53.61,52.69,51.98,52.5,52.36
2026-04-21 01:30,3.04,2.98,50.59,53.75,53.38,51.7,52.54,52.3
2026-04-21 02:00,3.05,2.93,50.47,53.72,52.39,52.59,52.28,52.55
2026-04-21 02:30,3.05,2.95,50.4,53.67,53.22,52.55,52.7,52.41
2026-04-21 03:00,2.99,2.98,50.56,53.79,52.47,51.74,52.9,52.45
2026-04-21 03:30,3.01,2.96,50.35,53.9,53.59,51.96,52.01,52.28
2026-04-21 04:00,3.05,2.95,50.58,53.98,52.52,52.68,52.41,51.79
2026-04-21 04:30,3.01,2.91,50.55,53.89,53.59,52.14,52.42,51.59
2026-04-21 05:00,3.01,2.94,50.47,53.91,52.73,51.96,52.32,52.18
2026-04-21 05:30,3.01,2.94,50.52,53.63,52.44,52.29,53.52,52.87
2026-04-21 06:00,3.03,2.92,50.47,53.91,53.86,52.32,52.2,52.05
2026-04-21 06:30,2.98,2.94,50.52,53.6,52.63,51.96,52.19,52.18
2026-04-21 07:00,3.0,2.93,50.52,53.98,52.56,53.03,52.34,51.79
2026-04-21 07:30,3.03,2.91,50.51,53.89,53.07,52.28,52.03,53.03
2026-04-21 08:00,2.98,2.96,50.52,53.65,52.58,52.47,52.26,52.1
2026-04-21 08:30,2.99,2.94,50.39,53.63,53.4,52.04,52.51,52.18
2026-04-21 09:00,3.03,2.95,50.61,53.69,52.29,53.06,52.11,52.09
2026-04-21 09:30,3.04,2.92,50.35,53.95,52.97,52.26,53.0,51.94
2026-04-21 10:00,3.02,2.97,50.34,53.84,53.43,52.2,53.43,52.35
2026-04-21 10:30,3.04,2.9,50.58,53.61,53.54,52.37,52.4,52.58
2026-04-21 11:00,3.01,2.96,50.6,53.79,53.73,52.66,53.31,52.73
2026-04-21 11:30,3.04,2.93,50.61,53.59,52.38,52.6,53.52,52.81
2026-04-21 12:00,3.02,2.97,50.61,53.71,52.39,51.85,52.55,52.26
2026-04-21 12:30,3.02,2.91,50.52,53.63,52.39,52.75,52.54,52.4
2026-04-21 13:00,3.02,2.96,50.51,53.92,53.8,53.03,52.86,52.29
2026-04-21 13:30,3.03,2.95,50.41,53.82,52.68,51.8,52.46,51.83
2026-04-21 14:00,3.01,2.91,50.44,53.81,52.99,52.19,53.57,52.15
2026-04-21 14:30,2.98,2.96,50.37,53.76,52.7,52.83,52.0,52.41
2026-04-21 15:00,3.04,2.93,50.55,53.72,53.11,52.24,52.68,52.77
2026-04-21 15:30,2.97,2.91,50.49,53.71,53.51,51.8,52.81,53.04
2026-04-21 16:00,3.01,2.91,50.52,53.73,52.62,52.47,52.55,52.13
2026-04-21 16:30,3.01,2.9,50.52,53.83,53.14,51.87,52.47,51.81
2026-04-21 17:00,2.96,2.93,50.6,53.94,52.63,51.72,52.41,52.19
2026-04-21 17:30,2.98,2.95,50.56,53.78,52.92,52.58,52.83,51.97
2026-04-21 18:00,3.01,2.96,50.34,53.74,52.38,52.99,53.01,52.51
2026-04-21 18:30,2.95,2.98,50.45,53.82,52.95,52.03,53.53,51.77
2026-04-21 19:00,3.0,2.98,50.43,53.68,52.91,52.88,52.79,52.64
2026-04-21 19:30,3.02,2.95,50.45,53.61,53.06,53.21,52.41,52.09
2026-04-21 20:00,2.97,2.95,50.36,53.96,53.76,51.96,53.3,52.34
2026-04-21 20:30,2.96,3.02,50.56,53.57,52.52,52.25,52.97,52.69
2026-04-21 21:00,3.01,2.98,50.33,53.76,53.09,52.45,52.37,52.38
2026-04-21 21:30,3.02,3.02,50.35,53.8,53.13,53.11,52.51,52.25
2026-04-21 22:00,2.97,2.97,50.42,53.95,52.73,52.51,53.42,52.62
2026-04-21 22:30,2.99,3.03,50.52,53.84,52.92,51.75,52.83,52.25
2026-04-21 23:00,2.97,2.99,50.58,53.66,52.75,52.49,52.07,52.18
2026-04-21 23:30,2.98,3.06,50.43,53.67,53.57,51.88,52.07,51.6
2026-04-22 00:00,2.95,3.01,50.32,53.86,52.99,51.71,52.81,52.22
2026-04-22 00:30,2.97,3.05,50.6,53.69,52.74,52.42,52.09,51.63
2026-04-22 01:00,3.01,3.04,50.57,53.63,53.23,52.84,53.55,51.76
2026-04-22 01:30,2.97,3.1,50.56,53.66,53.48,53.23,52.39,51.96
2026-04-22 02:00,2.94,3.06,50.36,53.81,52.98,52.3,52.72,52.73
2026-04-22 02:30,2.99,3.06,50.32,53.94,52.56,52.01,52.21,52.66
2026-04-22 03:00,2.96,3.12,50.58,53.91,53.67,52.43,52.13,51.73
2026-04-22 03:30,2.96,3.07,50.56,53.55,52.6,51.71,53.19,51.89
2026-04-22 04:00,2.97,3.09,50.57,53.88,53.57,53.18,53.27,51.76
2026-04-22 04:30,2.97,3.14,50.45,53.85,53.71,51.81,52.41,52.43
2026-04-22 05:00,2.95,3.12,50.55,53.91,52.36,52.89,53.45,52.05
2026-04-22 05:30,2.93,3.14,50.31,53.6,53.35,51.88,53.23,52.58
2026-04-22 06:00,2.97,3.12,50.56,53.57,53.32,52.9,53.08,51.73
2026-04-22 06:30,2.99,3.15,50.59,53.75,52.81,53.13,52.92,51.53
2026-04-22 07:00,2.95,3.11,50.59,53.68,53.1,52.88,52.5,52.37
2026-04-22 07:30,2.95,3.14,50.31,53.86,53.05,51.72,53.5,52.44
2026-04-22 08:00,2.95,3.15,50.4,53.88,53.77,52.35,52.22,51.7
2026-04-22 08:30,2.98,3.17,50.44,53.62,53.73,51.9,52.57,51.98
2026-04-22 09:00,2.96,3.14,50.46,53.6,52.61,52.92,52.26,52.7
2026-04-22 09:30,2.94,3.21,50.49,53.53,52.91,53.08,52.13,52.72
2026-04-22 10:00,2.94,3.17,50.38,53.75,52.61,52.05,52.72,51.92
2026-04-22 10:30,2.93,3.21,50.55,53.65,53.72,52.79,52.5,52.44
2026-04-22 11:00,2.96,3.24,50.45,53.9,53.09,52.37,53.14,51.73
2026-04-22 11:30,2.93,3.23,50.48,53.7,52.24,52.02,52.5,52.8
2026-04-22 12:00,2.93,3.19,50.42,53.83,52.3,52.79,52.1,52.51
2026-04-22 12:30,2.95,3.21,50.49,53.78,52.87,51.85,52.3,52.71
2026-04-22 13:00,2.96,3.26,50.51,53.71,53.32,52.34,53.08,52.17
2026-04-22 13:30,2.9,3.21,50.28,53.67,52.47,52.36,52.13,51.85
2026-04-22 14:00,2.92,3.23,50.35,53.6,53.23,52.85,52.34,51.6
2026-04-22 14:30,2.91,3.28,50.41,53.67,52.65,52.7,52.18,52.93
2026-04-22 15:00,2.9,3.26,50.53,53.67,53.24,52.38,52.63,52.68
2026-04-22 15:30,2.94,3.3,50.55,53.52,53.11,53.07,52.05,52.9
2026-04-22 16:00,2.95,3.29,50.43,53.58,52.56,51.86,52.86,51.45
2026-04-22 16:30,2.96,3.29,50.44,53.59,52.34,52.15,51.95,52.98
2026-04-22 17:00,2.91,3.27,50.43,53.86,53.76,52.09,52.33,52.12
2026-04-22 17:30,2.92,3.31,50.4,53.7,53.26,53.08,52.65,52.13
2026-04-22 18:00,2.91,3.28,50.52,53.85,52.49,52.1,53.03,52.07
2026-04-22 18:30,2.93,3.29,50.38,53.72,53.67,52.13,53.09,51.84
2026-04-22 19:00,2.9,3.32,50.39,53.57,53.18,52.33,53.12,52.61
2026-04-22 19:30,2.91,3.35,50.45,53.57,53.69,52.84,52.3,51.54
2026-04-22 20:00,2.95,3.32,50.39,53.82,52.48,52.35,52.19,51.47
2026-04-22 20:30,2.89,3.37,50.51,53.61,52.31,51.94,52.05,52.46
2026-04-22 21:00,2.91,3.36,50.45,53.6,53.24,52.65,53.47,52.42
2026-04-22 21:30,2.87,3.35,50.46,53.63,53.39,53.0,53.4,52.48
2026-04-22 22:00,2.89,3.39,50.45,53.76,52.63,52.29,53.09,51.59
2026-04-22 22:30,2.89,3.35,50.52,53.54,53.15,51.86,52.5,51.68
2026-04-22 23:00,2.91,3.37,50.36,53.65,53.53,52.56,52.0,51.98
2026-04-22 23:30,2.91,3.42,50.25,53.59,52.98,51.74,52.7,51.82
2026-04-23 00:00,2.93,3.42,50.4,53.8,53.56,52.33,52.98,52.84
2026-04-23 00:30,2.89,3.42,50.49,53.53,52.63,52.6,51.89,51.78
2026-04-23 01:00,2.86,3.44,50.31,53.81,53.54,51.62,53.17,51.63
2026-04-23 01:30,2.91,3.44,50.5,53.86,52.52,52.53,53.29,52.95
2026-04-23 02:00,2.92,3.42,50.5,53.61,52.18,52.25,52.63,52.87
2026-04-23 02:30,2.89,3.44,50.28,53.51,52.97,51.64,52.62,52.21
2026-04-23 03:00,2.91,3.49,50.46,53.75,52.77,51.63,53.4,52.32
2026-04-23 03:30,2.89,3.47,50.39,53.62,53.52,51.78,52.48,51.65
2026-04-23 04:00,2.88,3.43,50.34,53.72,52.71,52.98,53.02,51.83
2026-04-23 04:30,2.9,3.48,50.46,53.68,53.17,52.84,53.31,51.78
2026-04-23 05:00,2.86,3.45,50.5,53.59,52.01,51.97,52.23,51.88
2026-04-23 05:30,2.91,3.49,50.33,53.47,52.27,51.88,51.99,52.06
2026-04-23 06:00,2.89,3.49,50.36,53.69,53.2,52.15,53.34,51.51
2026-04-23 06:30,2.88,3.5,50.25,53.81,52.35,51.71,52.23,51.87
2026-04-23 07:00,2.84,3.51,50.33,53.53,51.98,51.59,53.23,52.32
2026-04-23 07:30,2.89,3.55,50.41,53.81,52.51,52.0,52.7,52.21
2026-04-23 08:00,2.82,3.49,50.34,53.46,53.46,51.71,52.82,52.5
2026-04-23 08:30,2.82,3.52,50.27,53.81,53.29,52.29,52.04,51.72
2026-04-23 09:00,2.88,3.51,50.44,53.65,52.67,52.51,53.1,51.4
2026-04-23 09:30,2.84,3.57,50.26,53.81,51.98,51.65,52.72,51.76
2026-04-23 10:00,2.87,3.58,50.24,53.59,53.23,51.51,51.98,51.59
2026-04-23 10:30,2.83,3.57,50.39,53.58,52.54,51.69,51.85,51.85
2026-04-23 11:00,2.84,3.57,50.41,53.52,52.09,51.65,53.4,51.36
2026-04-23 11:30,2.86,3.6,50.2,53.59,52.55,51.53,53.36,52.01
2026-04-23 12:00,2.86,3.56,50.2,53.69,52.71,51.62,52.97,52.45
2026-04-23 12:30,2.85,3.61,50.22,53.5,53.08,51.95,52.85,52.13
2026-04-23 13:00,2.84,3.61,50.31,53.57,53.07,52.72,52.15,52.25
2026-04-23 13:30,2.84,3.57,50.46,53.48,52.26,52.37,53.41,51.8
2026-04-23 14:00,2.87,3.64,50.24,53.73,52.29,52.14,52.57,51.48
2026-04-23 14:30,2.87,3.62,50.41,53.77,53.03,52.09,53.02,52.52
2026-04-23 15:00,2.84,3.65,50.2,53.65,52.88,51.67,52.77,51.85
2026-04-23 15:30,2.8,3.6,50.35,53.72,53.0,52.01,52.59,51.53
2026-04-23 16:00,2.84,3.62,50.19,53.53,52.4,51.64,53.2,52.68
2026-04-23 16:30,2.79,3.67,50.36,53.79,52.89,52.76,53.21,52.18
2026-04-23 17:00,2.8,3.64,50.34,53.68,52.13,51.43,52.33,51.39
2026-04-23 17:30,2.84,3.64,50.16,53.61,52.91,52.26,53.34,51.78
2026-04-23 18:00,2.83,3.67,50.43,53.42,52.71,51.47,51.8,51.34
2026-04-23 18:30,2.84,3.67,50.22,53.71,52.74,51.35,53.18,52.65
2026-04-23 19:00,2.83,3.66,50.36,53.42,52.52,51.84,53.2,51.83
2026-04-23 19:30,2.83,3.65,50.17,53.62,52.29,51.51,51.86,52.32
2026-04-23 20:00,2.8,3.67,50.14,53.47,51.71,52.0,52.24,51.87
2026-04-23 20:30,2.79,3.7,50.27,53.52,52.02,51.78,52.02,52.37
2026-04-23 21:00,2.82,3.67,50.43,53.39,53.01,51.77,52.14,52.08
2026-04-23 21:30,2.76,3.73,50.13,53.77,51.81,52.34,52.57,52.66
2026-04-23 22:00,2.83,3.68,50.26,53.74,51.82,51.98,51.99,52.45
2026-04-23 22:30,2.82,3.75,50.21,53.72,51.7,51.82,52.68,51.67
2026-04-23 23:00,2.76,3.71,50.18,53.76,51.6,52.24,52.02,51.7
2026-04-23 23:30,2.77,3.75,50.15,53.54,52.11,51.53,51.83,51.88
2026-04-24 00:00,2.78,3.79,50.18,53.7,52.54,52.7,52.37,51.84
2026-04-24 00:30,2.8,3.75,50.32,53.56,52.5,52.18,52.5,51.7
2026-04-24 01:00,2.77,3.8,50.15,53.38,52.86,52.72,51.97,52.59
2026-04-24 01:30,2.81,3.75,50.22,53.63,52.5,51.21,52.97,51.66
2026-04-24 02:00,2.81,3.76,50.19,53.44,51.78,52.58,52.47,51.81
2026-04-24 02:30,2.77,3.78,50.39,53.46,52.8,51.72,52.23,51.6
2026-04-24 03:00,2.74,3.8,50.18,53.63,51.63,51.43,52.19,52.42
2026-04-24 03:30,2.77,3.76,50.15,53.7,52.54,51.97,52.29,52.63
2026-04-24 04:00,2.78,3.81,50.12,53.69,52.87,51.57,52.33,51.94
2026-04-24 04:30,2.74,3.8,50.38,53.48,53.03,52.25,51.95,51.58
2026-04-24 05:00,2.75,3.81,50.37,53.65,52.12,51.7,52.29,51.78
2026-04-24 05:30,2.73,3.81,50.12,53.52,51.82,52.12,52.42,52.3
2026-04-24 06:00,2.77,3.82,50.24,53.46,51.67,51.83,52.42,51.77
2026-04-24 06:30,2.76,3.87,50.17,53.39,52.24,52.33,52.32,51.3
2026-04-24 07:00,2.77,3.87,50.16,53.5,52.82,51.11,53.23,51.57
2026-04-24 07:30,2.78,3.87,50.29,53.48,52.51,51.42,52.5,51.73
2026-04-24 08:00,2.75,3.89,50.34,53.39,52.41,51.91,52.16,52.07
2026-04-24 08:30,2.73,3.84,50.31,53.64,52.48,51.24,52.57,52.7
2026-04-24 09:00,2.75,3.88,50.23,53.57,52.87,51.3,53.13,52.22
2026-04-24 09:30,2.72,3.84,50.17,53.58,52.09,52.57,51.74,51.44
2026-04-24 10:00,2.74,3.87,50.33,53.35,52.03,51.25,52.15,51.64
2026-04-24 10:30,2.73,3.87,50.31,53.4,52.64,52.33,53.02,52.2
2026-04-24 11:00,2.74,3.91,50.25,53.6,51.96,52.54,52.95,51.88
2026-04-24 11:30,2.76,3.87,50.16,53.42,52.28,52.34,52.51,51.64
2026-04-24 12:00,2.7,3.89,50.28,53.46,51.99,52.25,52.24,52.12
2026-04-24 12:30,2.74,3.95,50.27,53.59,52.54,52.43,53.16,52.43
2026-04-24 13:00,2.7,3.91,50.35,53.53,51.7,52.21,52.35,51.84
2026-04-24 13:30,2.74,3.95,50.21,53.32,51.97,51.11,52.08,52.71
2026-04-24 14:00,2.72,3.93,50.16,53.45,52.42,51.11,52.51,52.36
2026-04-24 14:30,2.69,3.98,50.24,53.32,52.04,52.15,51.86,51.22
2026-04-24 15:00,2.73,3.99,50.12,53.3,52.01,52.12,52.11,52.63
2026-04-24 15:30,2.72,3.92,50.21,53.65,51.4,51.79,52.19,51.71
2026-04-24 16:00,2.73,3.95,50.32,53.68,51.86,51.65,53.12,52.75
2026-04-24 16:30,2.7,3.97,50.28,53.49,51.59,51.7,52.13,51.58
2026-04-24 17:00,2.72,4.0,50.11,53.37,51.23,51.4,52.16,52.19
2026-04-24 17:30,2.67,3.96,50.22,53.39,51.8,51.29,52.53,51.43
2026-04-24 18:00,2.66,3.97,50.04,53.45,51.98,51.79,51.7,52.37
2026-04-24 18:30,2.67,3.97,50.27,53.47,52.57,51.82,52.7,52.55
2026-04-24 19:00,2.71,4.01,50.25,53.29,52.47,51.58,52.56,52.32
2026-04-24 19:30,2.68,4.02,50.31,53.53,52.58,52.34,52.27,51.86
2026-04-24 20:00,2.71,3.99,50.03,53.45,51.98,51.79,52.63,52.1
2026-04-24 20:30,2.65,3.99,50.12,53.43,52.11,51.68,52.31,51.7
2026-04-24 21:00,2.69,4.07,50.22,53.3,51.69,51.1,52.06,51.33
2026-04-24 21:30,2.65,4.05,50.11,53.48,52.47,51.75,53.11,51.59
2026-04-24 22:00,2.67,4.06,50.12,53.37,52.27,52.26,51.84,52.68
2026-04-24 22:30,2.66,4.09,50.16,53.55,52.68,51.04,52.87,52.36
2026-04-24 23:00,2.66,4.1,50.08,53.58,52.64,51.87,52.6,51.49
2026-04-24 23:30,2.7,4.07,50.12,53.45,51.51,50.91,51.71,52.33
2026-04-25 00:00,2.7,4.08,50.02,53.31,51.34,52.07,52.9,52.5
2026-04-25 00:30,2.64,4.12,50.18,53.45,52.07,52.02,52.67,51.99
2026-04-25 01:00,2.66,4.07,50.23,53.35,52.21,50.76,52.43,51.65
2026-04-25 01:30,2.64,4.1,50.28,53.48,52.6,52.17,52.43,52.13
2026-04-25 02:00,2.63,4.13,50.03,53.47,51.22,52.12,52.44,51.2
2026-04-25 02:30,2.69,4.08,50.2,53.43,52.56,52.01,52.41,51.3
2026-04-25 03:00,2.65,4.11,50.04,53.34,52.03,51.54,51.64,52.6
2026-04-25 03:30,2.63,4.14,50.24,53.24,51.03,51.17,51.74,51.85
2026-04-25 04:00,2.66,4.12,50.03,53.61,51.47,50.98,51.9,52.4
2026-04-25 04:30,2.64,4.16,50.15,53.4,51.76,50.78,52.41,52.24
2026-04-25 05:00,2.67,4.17,50.05,53.53,51.14,51.75,52.6,51.72
2026-04-25 05:30,2.64,4.12,50.0,53.31,51.58,50.76,52.03,51.28
2026-04-25 06:00,2.66,4.2,50.07,53.58,51.37,51.71,52.3,52.29
2026-04-25 06:30,2.6,4.21,50.22,53.57,52.12,51.85,52.79,52.15
2026-04-25 07:00,2.61,4.21,50.04,53.57,51.45,50.59,52.03,52.29
2026-04-25 07:30,2.62,4.17,49.99,53.6,50.93,52.13,52.74,52.14
2026-04-25 08:00,2.6,4.2,50.02,53.48,52.14,51.01,52.86,51.66
2026-04-25 08:30,2.65,4.17,50.17,53.58,51.23,51.74,51.86,52.62
2026-04-25 09:00,2.66,4.2,50.04,53.59,51.49,51.88,51.88,51.91
2026-04-25 09:30,2.59,4.24,50.04,53.42,51.61,51.59,51.63,52.51
2026-04-25 10:00,2.64,4.2,50.02,53.22,51.18,51.44,52.82,51.65
2026-04-25 10:30,2.63,4.22,49.96,53.42,51.43,50.91,52.46,51.48
2026-04-25 11:00,2.62,4.19,50.19,53.23,51.54,51.94,53.15,51.59
2026-04-25 11:30,2.63,4.27,49.95,53.36,51.86,51.12,52.22,51.57
2026-04-25 12:00,2.61,4.26,50.21,53.23,52.17,50.91,52.86,51.52
2026-04-25 12:30,2.57,4.29,50.05,53.56,51.41,50.7,52.39,52.22
2026-04-25 13:00,2.58,4.24,50.17,53.49,52.01,51.9,52.51,51.28
2026-04-25 13:30,2.62,4.25,50.13,53.36,51.07,51.88,51.92,51.19
2026-04-25 14:00,2.64,4.26,50.12,53.3,51.31,51.37,52.54,51.86
2026-04-25 14:30,2.6,4.28,50.06,53.26,50.79,51.32,52.56,51.48
2026-04-25 15:00,2.57,4.3,50.01,53.28,51.3,52.02,52.35,51.61
2026-04-25 15:30,2.55,4.33,49.97,53.55,52.34,50.75,52.77,51.25
2026-04-25 16:00,2.56,4.33,49.97,53.31,50.84,51.6,53.0,51.82
2026-04-25 16:30,2.59,4.32,50.19,53.32,51.9,51.94,53.17,52.58
2026-04-25 17:00,2.61,4.32,50.05,53.42,51.92,51.74,52.81,52.41
2026-04-25 17:30,2.58,4.32,50.19,53.2,52.12,50.64,52.36,51.77
2026-04-25 18:00,2.6,4.36,50.09,53.21,51.31,50.89,51.77,51.62
2026-04-25 18:30,2.56,4.33,50.11,53.42,51.4,51.59,52.01,52.52
2026-04-25 19:00,2.58,4.32,49.96,53.24,51.95,50.91,52.63,51.18
2026-04-25 19:30,2.58,4.39,49.98,53.31,51.16,51.02,52.0,52.63
2026-04-25 20:00,2.55,4.33,49.99,53.24,50.71,50.42,52.49,52.47
2026-04-25 20:30,2.6,4.39,50.05,53.55,51.22,51.1,52.59,51.31
2026-04-25 21:00,2.6,4.34,49.92,53.54,51.27,51.78,52.33,52.43
2026-04-25 21:30,2.59,4.4,49.99,53.45,51.89,51.5,52.8,51.89
2026-04-25 22:00,2.56,4.37,49.99,53.46,51.84,51.52,52.74,52.27
2026-04-25 22:30,2.59,4.42,49.95,53.27,50.91,50.77,52.38,52.52
2026-04-25 23:00,2.53,4.37,50.17,53.46,51.36,51.04,51.7,52.24
2026-04-25 23:30,2.57,4.42,49.98,53.53,50.84,51.78,51.59,52.47
2026-04-26 00:00,2.58,4.44,50.14,53.52,51.86,51.8,52.38,52.42
2026-04-26 00:30,2.52,4.43,49.93,53.23,52.07,51.51,53.07,52.41
2026-04-26 01:00,2.57,4.44,50.09,53.46,51.79,50.71,51.72,51.69
2026-04-26 01:30,2.54,4.43,50.03,53.2,51.81,51.55,51.89,51.92
2026-04-26 02:00,2.57,4.47,50.02,53.28,51.62,51.08,51.79,51.98
2026-04-26 02:30,2.53,4.46,50.16,53.4,51.69,50.32,52.52,51.04
2026-04-26 03:00,2.56,4.44,50.02,53.39,50.71,50.95,52.52,52.08
2026-04-26 03:30,2.53,4.46,50.12,53.49,50.88,50.78,51.94,51.62
2026-04-26 04:00,2.57,4.45,50.1,53.5,52.01,51.54,53.12,51.73
2026-04-26 04:30,2.52,4.49,50.15,53.14,51.48,50.53,51.77,51.56
2026-04-26 05:00,2.51,4.52,49.9,53.46,50.83,51.58,52.56,51.84
2026-04-26 05:30,2.52,4.49,50.1,53.18,51.64,51.07,52.01,51.94
2026-04-26 06:00,2.57,4.54,50.07,53.3,51.86,51.04,52.21,51.29
2026-04-26 06:30,2.54,4.54,50.12,53.17,50.73,51.3,51.57,51.26
2026-04-26 07:00,2.54,4.53,49.88,53.23,51.29,50.22,51.98,51.15
2026-04-26 07:30,2.49,4.55,50.0,53.31,51.38,50.88,52.45,51.24
2026-04-26 08:00,2.55,4.5,49.86,53.48,51.81,51.17,52.56,51.2
2026-04-26 08:30,2.51,4.55,50.06,53.43,51.07,51.24,52.95,52.06
2026-04-26 09:00,2.55,4.54,50.05,53.13,51.26,50.32,51.71,51.05
2026-04-26 09:30,2.54,4.55,50.06,53.19,50.87,50.96,52.03,51.89
2026-04-26 10:00,2.48,4.57,50.08,53.17,50.51,50.15,52.9,51.35
2026-04-26 10:30,2.54,4.55,50.03,53.49,50.6,51.06,52.72,51.3
2026-04-26 11:00,2.52,4.6,50.1,53.27,51.67,51.33,51.85,52.41
2026-04-26 11:30,2.5,4.58,49.99,53.43,51.12,50.28,52.0,52.01
2026-04-26 12:00,2.49,4.56,49.88,53.46,51.16,51.35,52.8,51.47
2026-04-26 12:30,2.47,4.6,50.11,53.21,51.64,50.52,52.04,51.43
2026-04-26 13:00,2.51,4.59,49.99,53.16,50.9,50.08,51.86,51.32
2026-04-26 13:30,2.53,4.65,49.91,53.35,50.54,50.06,52.45,52.55
2026-04-26 14:00,2.52,4.64,50.1,53.36,51.33,50.45,51.63,51.91
2026-04-26 14:30,2.54,4.6,50.07,53.47,50.81,50.01,52.28,51.1
2026-04-26 15:00,2.47,4.64,49.93,53.36,51.2,51.15,52.78,51.4
2026-04-26 15:30,2.5,4.62,49.94,53.34,51.34,50.62,52.74,51.17
2026-04-26 16:00,2.5,4.63,49.96,53.38,51.13,50.9,53.06,51.67
2026-04-26 16:30,2.5,4.69,49.99,53.43,50.49,50.47,52.6,51.98
2026-04-26 17:00,2.49,4.65,50.01,53.21,51.1,51.29,52.75,52.06
2026-04-26 17:30,2.51,4.72,49.95,53.19,51.42,50.36,52.51,51.56
2026-04-26 18:00,2.49,4.68,49.9,53.36,50.84,51.31,51.75,52.06
2026-04-26 18:30,2.49,4.69,50.1,53.21,50.78,50.84,52.56,52.08
2026-04-26 19:00,2.48,4.68,49.95,53.21,51.49,50.82,53.01,51.2
2026-04-26 19:30,2.51,4.71,50.08,53.11,51.32,51.13,52.02,51.8
2026-04-26 20:00,2.48,4.74,50.09,53.26,50.58,51.03,51.77,52.09
2026-04-26 20:30,2.47,4.76,49.9,53.11,51.32,50.46,52.56,51.96
2026-04-26 21:00,2.44,4.76,49.85,53.46,50.97,51.32,52.39,51.57
2026-04-26 21:30,2.47,4.78,50.02,53.18,51.29,50.13,52.71,51.65
2026-04-26 22:00,2.47,4.72,49.94,53.32,50.96,49.9,52.92,52.3
2026-04-26 22:30,2.5,4.79,50.06,53.29,51.44,51.0,53.06,51.47
2026-04-26 23:00,2.47,4.76,49.94,53.2,51.47,50.37,52.47,51.0
2026-04-26 23:30,2.44,4.76,49.98,53.2,51.31,50.73,52.61,51.13
2026-04-27 00:00,2.44,4.82,50.01,53.24,51.06,49.97,52.0,51.11
2026-04-27 00:30,2.44,4.75,50.05,53.09,50.97,50.4,52.62,51.59
2026-04-27 01:00,2.43,4.84,49.93,53.41,50.42,51.15,51.95,51.08
2026-04-27 01:30,2.44,4.8,49.84,53.12,51.51,50.2,51.98,51.71
2026-04-27 02:00,2.47,4.85,49.93,53.16,50.84,49.82,52.33,52.49
2026-04-27 02:30,2.44,4.79,49.96,53.17,50.8,50.11,52.23,51.32
2026-04-27 03:00,2.44,4.84,50.07,53.07,50.5,50.22,52.97,51.73
2026-04-27 03:30,2.45,4.84,50.06,53.15,50.85,50.78,52.22,51.77
2026-04-27 04:00,2.45,4.84,50.03,53.09,50.12,49.83,51.94,52.25
2026-04-27 04:30,2.46,4.85,49.99,53.33,50.71,50.7,51.63,51.49
2026-04-27 05:00,2.46,4.85,50.0,53.43,50.74,49.93,52.74,52.37
2026-04-27 05:30,2.43,4.86,50.0,53.22,50.55,50.49,52.5,51.62
2026-04-27 06:00,2.43,4.85,49.88,53.1,50.11,50.51,52.56,51.28
2026-04-27 06:30,2.48,4.9,50.07,53.1,51.02,50.32,52.16,51.63
2026-04-27 07:00,2.45,4.89,50.07,53.29,51.4,50.05,51.85,51.2
2026-04-27 07:30,2.45,4.87,49.97,53.43,50.2,50.38,51.87,52.32
2026-04-27 08:00,2.43,4.9,49.93,53.05,50.3,50.25,52.23,51.75
2026-04-27 08:30,2.48,4.88,49.78,53.28,50.09,51.18,51.66,52.46
2026-04-27 09:00,2.41,4.89,50.0,53.13,50.0,50.57,52.28,51.75
2026-04-27 09:30,2.44,4.91,49.81,53.17,51.48,51.18,52.72,52.08
2026-04-27 10:00,2.43,4.92,50.05,53.07,50.82,50.29,52.92,51.36
2026-04-27 10:30,2.41,4.93,49.86,53.04,50.08,50.32,52.17,51.52
2026-04-27 11:00,2.47,4.98,49.94,53.19,50.71,50.28,52.6,51.07
2026-04-27 11:30,2.43,4.97,49.89,53.12,51.07,51.21,52.69,51.49
2026-04-27 12:00,2.41,5.01,49.89,53.39,50.87,50.27,52.64,51.28
2026-04-27 12:30,2.45,5.03,50.06,53.38,50.1,50.53,51.44,52.43
2026-04-27 13:00,2.44,5.02,50.05,53.24,50.3,49.7,51.69,51.46
2026-04-27 13:30,2.42,5.03,49.91,53.29,50.07,49.71,51.99,51.63
2026-04-27 14:00,2.47,4.97,49.98,53.36,50.43,50.07,51.72,51.15
2026-04-27 14:30,2.44,5.04,49.93,53.1,50.24,49.79,51.52,52.15
2026-04-27 15:00,2.46,4.99,49.96,53.42,50.27,49.64,51.57,51.68
2026-04-27 15:30,2.47,5.05,49.77,53.08,50.96,50.62,51.86,50.95
2026-04-27 16:00,2.45,5.08,49.99,53.09,51.29,50.73,52.58,51.91
2026-04-27 16:30,2.44,5.05,50.0,53.2,50.19,49.64,51.46,52.12
2026-04-27 17:00,2.43,5.07,49.9,53.33,50.01,50.97,52.41,50.99
2026-04-27 17:30,2.44,5.11,49.89,53.19,50.61,49.78,51.94,52.11
2026-04-27 18:00,2.46,5.05,50.03,53.34,50.13,50.56,51.83,52.33
2026-04-27 18:30,2.47,5.12,49.9,53.4,51.36,49.8,52.6,51.29
2026-04-27 19:00,2.39,5.1,50.01,53.41,50.47,49.91,51.83,51.19
2026-04-27 19:30,2.43,5.14,49.94,53.31,50.38,50.36,51.43,51.93
2026-04-27 20:00,2.4,5.13,50.05,53.06,50.95,50.33,52.2,51.43
2026-04-27 20:30,2.43,5.15,49.84,53.3,50.58,51.05,52.57,51.9
2026-04-27 21:00,2.4,5.12,49.96,53.19,50.45,50.39,52.39,52.19
2026-04-27 21:30,2.44,5.13,49.98,53.09,50.87,50.84,52.48,52.0
2026-04-27 22:00,2.44,5.17,49.98,53.26,50.55,50.92,51.92,51.72
2026-04-27 22:30,2.43,5.13,49.86,53.15,50.37,50.03,52.86,51.48
2026-04-27 23:00,2.42,5.13,50.02,53.4,49.96,50.53,52.92,52.06
2026-04-27 23:30,2.46,5.16,50.04,53.13,50.91,49.92,52.33,50.92
2026-04-28 00:00,2.41,5.22,50.05,53.03,50.0,50.59,52.42,51.96
2026-04-28 00:30,2.46,5.17,49.91,53.09,50.38,50.5,52.53,51.62
2026-04-28 01:00,2.41,5.21,49.94,53.19,50.8,49.6,51.75,51.48
2026-04-28 01:30,2.39,5.18,50.02,53.33,50.24,50.02,51.82,51.92
2026-04-28 02:00,2.4,5.19,49.85,53.21,51.06,50.37,51.91,51.79
2026-04-28 02:30,2.45,5.23,49.85,53.18,49.93,50.65,52.78,52.01
2026-04-28 03:00,2.41,5.24,49.91,53.36,49.83,49.47,52.66,51.28
2026-04-28 03:30,2.39,5.23,49.95,53.13,50.93,49.77,52.52,51.58
2026-04-28 04:00,2.43,5.29,49.96,53.12,50.91,50.73,52.5,51.03
2026-04-28 04:30,2.4,5.25,49.8,53.23,50.38,49.84,52.18,52.33
2026-04-28 05:00,2.44,5.29,49.83,53.36,49.87,50.51,51.66,51.73
2026-04-28 05:30,2.43,5.26,49.94,53.2,50.26,49.93,52.63,51.57
2026-04-28 06:00,2.42,5.26,49.95,53.17,50.78,49.79,52.65,51.64
2026-04-28 06:30,2.44,5.28,49.99,53.26,50.89,50.52,52.33,51.94
2026-04-28 07:00,2.45,5.32,50.04,53.28,49.72,49.58,52.27,52.49
2026-04-28 07:30,2.4,5.32,49.77,53.27,50.39,49.86,52.03,51.86
2026-04-28 08:00,2.41,5.33,50.05,53.39,50.71,50.41,51.45,52.06
2026-04-28 08:30,2.45,5.31,49.9,53.26,49.99,50.45,52.79,51.93
2026-04-28 09:00,2.44,5.34,49.86,53.14,50.01,49.91,52.45,52.48
2026-04-28 09:30,2.45,5.35,49.83,53.34,50.2,49.5,51.99,51.37
2026-04-28 10:00,2.42,5.34,49.83,53.2,50.08,50.83,51.78,51.26
2026-04-28 10:30,2.42,5.39,49.97,53.23,50.21,49.52,51.53,51.23
2026-04-28 11:00,2.43,5.43,49.88,53.15,50.19,50.17,52.24,52.13
2026-04-28 11:30,2.44,5.42,49.78,53.22,50.42,50.8,52.61,51.21
2026-04-28 12:00,2.4,5.43,49.87,53.39,49.52,49.34,52.89,51.0
2026-04-28 12:30,2.43,5.42,49.91,53.13,49.49,50.23,52.0,51.14
2026-04-28 13:00,2.43,5.4,49.87,53.32,50.98,49.67,51.47,51.42
2026-04-28 13:30,2.4,5.45,49.98,53.31,49.86,49.79,52.28,52.18
2026-04-28 14:00,2.44,5.43,49.79,53.32,50.02,49.73,52.15,51.17
2026-04-28 14:30,2.44,5.47,49.79,53.16,49.61,49.3,52.49,51.04
2026-04-28 15:00,2.38,5.49,49.9,53.19,50.93,50.71,52.23,51.74
2026-04-28 15:30,2.39,5.5,49.83,53.19,51.0,50.58,51.46,51.67
2026-04-28 16:00,2.43,5.51,49.96,53.3,49.62,49.75,52.07,51.53
2026-04-28 16:30,2.41,5.5,49.77,53.12,49.78,49.38,51.88,51.96
2026-04-28 17:00,2.39,5.48,49.97,53.11,50.17,50.43,51.74,51.15
2026-04-28 17:30,2.43,5.54,49.91,53.26,50.93,49.4,52.93,51.9
2026-04-28 18:00,2.41,5.55,49.8,53.05,50.49,49.25,52.69,51.93
2026-04-28 18:30,2.43,5.54,49.98,53.28,50.92,50.09,52.24,51.47
2026-04-28 19:00,2.4,5.57,49.86,53.01,49.39,50.4,52.53,52.07
2026-04-28 19:30,2.46,5.52,49.95,53.19,49.98,49.16,52.9,51.98
2026-04-28 20:00,2.39,5.52,49.76,53.17,49.52,49.84,51.68,51.23
2026-04-28 20:30,2.43,5.53,50.05,53.26,50.12,49.67,52.93,51.53
2026-04-28 21:00,2.39,5.52,49.88,53.35,50.6,50.25,51.44,52.01
2026-04-28 21:30,2.41,5.56,50.01,53.12,49.9,50.47,51.92,51.52
2026-04-28 22:00,2.39,5.56,49.91,53.33,49.49,50.14,51.62,51.13
2026-04-28 22:30,2.42,5.54,49.96,53.26,49.44,49.48,52.85,51.96
2026-04-28 23:00,2.46,5.54,49.88,53.31,50.8,49.7,52.26,51.88
2026-04-28 23:30,2.4,5.53,49.87,53.05,49.64,49.09,52.93,51.52
2026-04-29 00:00,2.4,5.53,49.96,53.2,49.37,49.99,52.12,51.85
2026-04-29 00:30,2.39,5.6,49.92,53.18,50.79,50.26,51.96,52.06
2026-04-29 01:00,2.46,5.52,49.89,53.12,50.16,50.27,51.9,51.99
2026-04-29 01:30,2.43,5.52,49.92,53.14,49.5,50.29,51.7,51.99
2026-04-29 02:00,2.47,5.59,49.82,53.26,50.4,49.13,52.73,51.63
2026-04-29 02:30,2.39,5.57,49.97,53.24,50.25,49.23,52.71,51.33
2026-04-29 03:00,2.4,5.55,49.78,53.27,50.81,50.42,51.98,51.64
2026-04-29 03:30,2.43,5.53,50.03,53.29,49.58,50.03,52.12,52.04
2026-04-29 04:00,2.41,5.56,49.99,53.11,50.02,49.29,51.71,50.92
2026-04-29 04:30,2.41,5.53,49.91,53.28,50.28,50.27,52.11,51.26
2026-04-29 05:00,2.43,5.56,49.97,53.17,49.62,49.45,52.09,51.38
2026-04-29 05:30,2.4,5.56,49.88,53.33,50.14,49.03,51.59,51.64
2026-04-29 06:00,2.45,5.59,50.04,53.05,50.47,50.33,51.68,52.27
2026-04-29 06:30,2.41,5.56,50.05,53.16,49.41,49.49,52.23,52.45
2026-04-29 07:00,2.46,5.59,49.87,53.36,49.62,50.18,52.0,51.91
2026-04-29 07:30,2.42,5.55,49.99,53.13,49.24,49.24,52.52,52.18
2026-04-29 08:00,2.43,5.6,49.78,53.38,49.59,50.2,52.65,51.15
2026-04-29 08:30,2.43,5.6,49.78,53.29,49.22,50.38,52.13,51.85
2026-04-29 09:00,2.45,5.58,50.0,53.15,50.49,49.78,52.18,52.51
2026-04-29 09:30,2.41,5.61,50.05,53.35,49.28,50.49,51.76,51.86
2026-04-29 10:00,2.45,5.59,50.02,53.06,50.22,49.3,52.88,51.41
2026-04-29 10:30,2.44,5.55,49.9,53.35,50.56,50.27,51.77,51.92
2026-04-29 11:00,2.41,5.56,50.01,53.32,50.67,49.53,52.94,52.22
2026-04-29 11:30,2.44,5.55,50.04,53.18,49.33,49.75,52.17,51.65
2026-04-29 12:00,2.43,5.6,49.78,53.24,49.66,49.07,52.8,51.43
2026-04-29 12:30,2.48,5.59,49.9,53.41,50.29,49.42,53.02,51.71
2026-04-29 13:00,2.47,5.61,50.04,53.25,50.56,50.13,51.65,51.2
2026-04-29 13:30,2.46,5.59,49.93,53.18,50.34,49.21,51.55,51.89
2026-04-29 14:00,2.44,5.55,50.0,53.26,50.54,49.27,51.68,52.27
2026-04-29 14:30,2.41,5.61,49.93,53.25,50.54,49.21,52.12,52.53
2026-04-29 15:00,2.48,5.59,49.83,53.32,50.14,50.1,52.14,51.33
2026-04-29 15:30,2.45,5.57,49.79,53.28,49.18,49.96,51.77,51.01
2026-04-29 16:00,2.43,5.59,50.08,53.32,50.53,49.72,51.66,51.9
2026-04-29 16:30,2.45,5.57,49.91,53.28,49.9,50.28,51.44,51.58
2026-04-29 17:00,2.49,5.62,50.03,53.24,50.04,49.21,52.81,51.3
2026-04-29 17:30,2.42,5.62,49.91,53.43,49.81,50.06,52.79,51.02
2026-04-29 18:00,2.48,5.59,49.88,53.14,49.61,49.08,52.49,51.46
2026-04-29 18:30,2.43,5.62,49.85,53.25,49.74,49.04,51.79,51.71
2026-04-29 19:00,2.43,5.59,49.8,53.31,49.75,49.46,52.87,51.01
2026-04-29 19:30,2.45,5.59,50.05,53.21,49.48,48.86,52.12,52.12
2026-04-29 20:00,2.48,5.58,50.08,53.21,50.31,49.91,52.73,51.15
2026-04-29 20:30,2.48,5.59,49.8,53.28,49.45,49.65,52.21,51.66
2026-04-29 21:00,2.47,5.56,49.92,53.25,49.2,49.59,52.96,52.4
2026-04-29 21:30,2.45,5.57,49.89,53.14,49.19,48.95,51.89,51.66
2026-04-29 22:00,2.46,5.56,49.98,53.19,49.17,49.09,52.95,51.18
2026-04-29 22:30,2.5,5.58,50.05,53.37,50.57,49.25,52.08,51.34
2026-04-29 23:00,2.47,5.56,50.02,53.3,50.29,49.78,51.73,51.46
2026-04-29 23:30,2.44,5.64,49.85,53.39,49.58,49.4,53.04,52.3
2026-04-30 00:00,2.48,5.6,49.97,53.13,49.53,48.83,52.83,51.6
2026-04-30 00:30,2.51,5.64,49.86,53.23,49.44,49.49,51.76,51.8
2026-04-30 01:00,2.5,5.57,49.88,53.22,49.18,49.11,51.93,51.59
2026-04-30 01:30,2.47,5.65,49.83,53.3,49.25,49.97,52.23,52.37
2026-04-30 02:00,2.51,5.57,49.97,53.4,49.24,49.67,52.64,52.27
2026-04-30 02:30,2.47,5.62,49.94,53.15,49.64,49.75,51.89,51.58
2026-04-30 03:00,2.52,5.65,50.03,53.38,49.0,48.8,52.32,51.43
2026-04-30 03:30,2.51,5.58,49.97,53.21,49.76,49.8,52.7,52.52
2026-04-30 04:00,2.5,5.63,50.06,53.23,49.94,49.47,52.65,51.24
2026-04-30 04:30,2.52,5.64,50.04,53.39,48.98,49.2,53.0,52.27
2026-04-30 05:00,2.5,5.61,50.08,53.09,50.45,50.28,52.03,51.95
2026-04-30 05:30,2.45,5.64,50.1,53.13,49.46,49.15,52.42,51.46
2026-04-30 06:00,2.47,5.59,49.92,53.15,50.46,50.25,52.57,52.29
2026-04-30 06:30,2.48,5.59,49.96,53.22,50.02,50.26,52.8,51.01
2026-04-30 07:00,2.48,5.64,49.89,53.44,49.11,49.57,51.52,51.44
2026-04-30 07:30,2.47,5.63,49.89,53.47,49.19,49.21,52.23,52.39
2026-04-30 08:00,2.47,5.62,50.08,53.24,49.28,49.52,52.08,51.32
2026-04-30 08:30,2.48,5.64,50.1,53.08,49.09,49.48,52.53,52.36
2026-04-30 09:00,2.54,5.6,50.06,53.42,49.6,48.97,52.8,51.88
2026-04-30 09:30,2.47,5.64,49.87,53.38,49.53,49.73,51.5,52.3
2026-04-30 10:00,2.54,5.67,49.86,53.48,49.03,49.22,51.7,51.86
2026-04-30 10:30,2.48,5.66,50.12,53.38,49.83,49.71,51.91,52.13
2026-04-30 11:00,2.49,5.67,50.13,53.48,49.04,49.9,51.99,52.36
2026-04-30 11:30,2.53,5.61,49.85,53.46,49.54,49.23,51.72,52.01
2026-04-30 12:00,2.54,5.61,49.98,53.23,49.05,48.79,52.92,52.47
2026-04-30 12:30,2.5,5.65,49.94,53.28,49.79,49.0,52.65,52.5
2026-04-30 13:00,2.48,5.67,50.05,53.42,49.25,49.06,52.02,52.58
2026-04-30 13:30,2.52,5.64,50.04,53.44,49.78,49.12,52.79,51.71
2026-04-30 14:00,2.52,5.61,49.87,53.17,49.39,49.01,52.75,51.56
2026-04-30 14:30,2.53,5.67,50.08,53.37,49.47,50.02,51.85,51.49
2026-04-30 15:00,2.5,5.66,49.99,53.26,48.84,48.98,52.84,51.16
2026-04-30 15:30,2.49,5.66,49.97,53.21,49.93,49.91,51.82,52.54
2026-04-30 16:00,2.57,5.66,49.94,53.34,50.38,50.0,52.53,51.68
2026-04-30 16:30,2.51,5.67,49.96,53.42,50.26,48.78,53.06,51.81
